{
  "experiment": "CARE_v1.0.0",
  "timestamp": "2025-09-13T15:59:47.807257+03:00",
  "context": "SCARCITY",
  "agents": 60,
  "episodes_trained": 10000,
  "final": {
    "efficiency": 0.9598693832036844,
    "fairness": 0.8545776961219286,
    "satisfaction": 0.4
  },
  "convergence": {
    "achieved": true,
    "episode": 44
  },
  "recent_10_episodes": {
    "efficiency_mean": 0.9597412831912844,
    "fairness_mean": 0.8526736316065432,
    "satisfaction_mean": 0.2759098760149763
  },
  "best_achieved": {
    "efficiency": 0.9601430697775978,
    "fairness": 0.8518760600255258,
    "at_episode": 10000
  }
}